datetime,Close,High,Low,Open,Volume,Log_Returns,Normalized_Log_Returns
2025-06-18 13:30:00,531.97998046875,532.1799926757812,528.47998046875,530.0800170898438,8881047,,
2025-06-18 14:30:00,531.3400268554688,532.5499877929688,531.260009765625,531.9849853515625,4817455,-0.0012036897380668726,
2025-06-18 15:30:00,530.8806762695312,532.0399780273438,530.72998046875,531.6380004882812,3386063,-0.0008648873312676284,
2025-06-18 16:30:00,529.6339721679688,531.4609985351562,529.6199951171875,530.8599853515625,3397622,-0.0023511314581000416,
2025-06-18 17:30:00,530.4500122070312,532.0800170898438,528.780029296875,529.6400146484375,6079520,0.0015395765095566327,
2025-06-18 18:30:00,528.3300170898438,531.739990234375,527.4099731445312,530.4600219726562,10179559,-0.004004605095861177,
2025-06-18 19:30:00,528.9600219726562,530.2899780273438,528.030029296875,528.2899780273438,4789708,0.0011917353499971543,
2025-06-20 13:30:00,528.9000244140625,533.5499877929688,527.780029296875,532.14501953125,12116688,-0.00011343194000571654,
2025-06-20 14:30:00,527.0549926757812,529.5700073242188,525.0999755859375,528.9400024414062,8566306,-0.0034945307063434607,
2025-06-20 15:30:00,527.219970703125,528.5999755859375,526.530029296875,527.1951293945312,8985191,0.00031296964154699843,
2025-06-20 16:30:00,525.5919799804688,528.4199829101562,525.5800170898438,527.2100219726562,5293773,-0.003092654902287876,
2025-06-20 17:30:00,527.5900268554688,528.0900268554688,524.8900146484375,525.6099853515625,7520438,0.003794309547925321,
2025-06-20 18:30:00,525.97998046875,527.97998046875,525.739990234375,527.5999755859375,5581177,-0.00305636574477751,
2025-06-20 19:30:00,526.7000122070312,527.0999755859375,525.6300048828125,526.0,6664236,0.0013679975977144623,
2025-06-23 13:30:00,529.53662109375,530.2100219726562,524.1599731445312,526.780029296875,10024265,0.005371174634262191,
2025-06-23 14:30:00,529.0,530.3499755859375,528.75,529.5599975585938,4363698,-0.0010138924417467875,
2025-06-23 15:30:00,526.5700073242188,529.0999755859375,526.4400024414062,528.613525390625,5186647,-0.004604141746213874,
2025-06-23 16:30:00,530.3599853515625,530.6699829101562,523.6500244140625,526.5599975585938,12558719,0.007171703514631398,
2025-06-23 17:30:00,530.9500122070312,531.9400024414062,530.3800048828125,530.3800048828125,6806951,0.0011118842140616458,
2025-06-23 18:30:00,531.2399291992188,531.5798950195312,530.4299926757812,530.9600219726562,4352967,0.0005458854166950121,
2025-06-23 19:30:00,531.7000122070312,532.1649780273438,530.6447143554688,531.219970703125,4381724,0.0008656802113130386,0.28994392906400224
2025-06-24 13:30:00,537.405029296875,538.0399780273438,536.27197265625,536.9400024414062,10883870,0.010672611241338345,2.605219809538139
2025-06-24 14:30:00,538.9199829101562,538.9298706054688,537.239990234375,537.4099731445312,5865488,0.0028150504662403887,0.5298619028981855
2025-06-24 15:30:00,539.394775390625,539.4998779296875,538.5850219726562,538.9547729492188,5404758,0.000880619517625864,-0.008485083043690674
2025-06-24 16:30:00,539.2899780273438,540.0050048828125,539.1099853515625,539.3800048828125,4596771,-0.00019430582156444913,-0.26648857414715404
2025-06-24 17:30:00,539.9400024414062,540.3300170898438,539.280029296875,539.2949829101562,3416092,0.0012046079231107212,0.032196971442672306
2025-06-24 18:30:00,540.0900268554688,540.7000122070312,539.77001953125,539.9400024414062,4772816,0.0002778152661645826,-0.20845325591448666
2025-06-24 19:30:00,539.72998046875,540.375,539.72998046875,540.0800170898438,6372636,-0.0006668637321397134,-0.4574656655766744
2025-06-25 13:30:00,541.7899780273438,543.3099975585938,541.25,542.1500244140625,13109829,0.003809453600228478,0.682266359081212
2025-06-25 14:30:00,541.1699829101562,542.6500244140625,540.75,541.7999877929688,5706073,-0.0011450011215311303,-0.6806837841166821
2025-06-25 15:30:00,540.4749755859375,541.1950073242188,540.1300048828125,541.1699829101562,3637083,-0.0012850934392250445,-0.7648287559998608
2025-06-25 16:30:00,540.9801025390625,541.125,539.9000244140625,540.4749755859375,4021773,0.0009341617605317403,-0.09217264305418997
2025-06-25 17:30:00,540.3150024414062,541.030029296875,539.3800048828125,540.989990234375,5731064,-0.0012301917921785043,-0.7653979330089805
2025-06-25 18:30:00,540.6099853515625,541.0800170898438,539.8200073242188,540.3099975585938,3434845,0.0005457972029703863,-0.22489099387368963
2025-06-25 19:30:00,541.1699829101562,541.219970703125,540.1199951171875,540.5900268554688,4158081,0.001035326267901503,-0.015862327199331054
2025-06-26 13:30:00,543.760009765625,543.864990234375,541.52001953125,543.4000244140625,10063500,0.004774560189562975,1.0329209526243035
2025-06-26 14:30:00,543.64501953125,544.75,543.4500122070312,543.7550048828125,5986430,-0.00021149476359874514,-0.6015171092379076
2025-06-26 15:30:00,544.8150024414062,545.22998046875,543.3125,543.6500244140625,4815748,0.002149795742864955,0.29725838850195224
2025-06-26 16:30:00,545.3099975585938,545.4000244140625,544.4199829101562,544.7899780273438,2785131,0.000908143838930447,-0.15724434315172772
2025-06-26 17:30:00,546.2246704101562,546.52001953125,545.3001098632812,545.3499755859375,7549842,0.001675939560137016,0.10540845042030421
2025-06-26 18:30:00,546.1599731445312,546.4550170898438,545.75,546.22998046875,3583070,-0.00011845143756343355,-0.5360546458889623
2025-06-26 19:30:00,546.219970703125,546.6699829101562,545.730712890625,546.1500244140625,6155749,0.00010984741891672159,-0.4344991060315285
2025-06-27 13:30:00,549.0252075195312,549.97998046875,546.739990234375,547.2000122070312,10170395,0.005122584434066968,2.282790850238461
2025-06-27 14:30:00,549.260009765625,549.760009765625,548.1403198242188,549.030029296875,6086210,0.0004275797324330888,-0.2600520841540351
2025-06-27 15:30:00,549.3599853515625,549.9298706054688,548.9199829101562,549.260009765625,4974769,0.00018200212386048544,-0.40589683734910886
2025-06-27 16:30:00,548.760009765625,549.4293212890625,548.6099853515625,549.3699951171875,6454192,-0.0010927323941028403,-1.0103374996819938
2025-06-27 17:30:00,546.1799926757812,548.9899291992188,546.1799926757812,548.760009765625,9088471,-0.004712626918414072,-2.341442858499023
2025-06-27 18:30:00,546.260009765625,546.6099853515625,544.5449829101562,546.1900024414062,9399330,0.00014649242028485444,-0.20339554562482318
2025-06-27 19:30:00,548.219970703125,548.385009765625,546.2899780273438,546.2999877929688,8241611,0.003581542042948075,1.3479432387746775
2025-06-30 13:30:00,550.4998779296875,551.3099975585938,549.010009765625,551.260009765625,9764936,0.004150121619687082,1.4233312080821958
2025-06-30 14:30:00,549.8900146484375,550.5599975585938,549.530029296875,550.5150146484375,5320905,-0.0011084495555734836,-0.8547510331276706
2025-06-30 15:30:00,550.35498046875,551.0980224609375,549.719970703125,549.9099731445312,3583749,0.0008452042046195183,-0.006001466595890272
2025-06-30 16:30:00,550.3616943359375,551.0800170898438,550.0700073242188,550.3400268554688,3014931,1.219908327223957e-05,-0.4014715441989469
2025-06-30 17:30:00,549.969970703125,550.6699829101562,549.1900024414062,550.3699951171875,4738682,-0.0007120101362302233,-0.6850085148212199
2025-06-30 18:30:00,551.39501953125,551.780029296875,549.0499267578125,549.969970703125,6788437,0.0025877881283947616,0.7105711250150492
2025-06-30 19:30:00,551.655029296875,552.7999877929688,551.131591796875,551.3900146484375,7766294,0.0004714378476604983,-0.11634847352027095
2025-07-01 13:30:00,548.8350219726562,550.7100219726562,548.4199829101562,549.7449951171875,10215701,-0.005125014067023452,-2.2345423189805977
2025-07-01 14:30:00,546.8300170898438,549.2100219726562,544.6599731445312,548.8400268554688,14622067,-0.0036598906588838267,-1.4589010999507528
2025-07-01 15:30:00,546.7000122070312,547.3699951171875,545.2100219726562,546.8099975585938,6326509,-0.0002377710349821794,-0.1387493280858273
2025-07-01 16:30:00,547.8079833984375,548.260009765625,546.4199829101562,546.6799926757812,4431635,0.002024602057400345,0.7112646157149998
2025-07-01 17:30:00,547.7750244140625,548.6799926757812,547.469970703125,547.8099975585938,3688317,-6.016702367586746e-05,-0.07863212876173842
2025-07-01 18:30:00,547.7849731445312,548.2750244140625,545.9199829101562,547.760009765625,6695323,1.8161908961915004e-05,-0.04725547457479777
2025-07-01 19:30:00,546.97998046875,548.3599853515625,546.8300170898438,547.780029296875,7262404,-0.0014706221974062237,-0.5376986812190725
2025-07-02 13:30:00,549.4650268554688,549.6400146484375,546.1199951171875,546.1799926757812,9329151,0.004532923448453353,1.7297980211359743
2025-07-02 14:30:00,549.72998046875,550.7598876953125,549.030029296875,549.4500122070312,6949515,0.00048208664822381475,0.17170714334292725
2025-07-02 15:30:00,550.4299926757812,550.7000122070312,549.6599731445312,549.739990234375,3583835,0.0012725645698566043,0.42912911920498126
2025-07-02 16:30:00,550.1199951171875,550.75,549.9099731445312,550.4199829101562,3101864,-0.0005633502707385502,-0.3914828339338542
2025-07-02 17:30:00,550.3699951171875,550.5449829101562,549.8900146484375,550.1207885742188,2698224,0.00045434307720929973,0.03375988186333102
2025-07-02 18:30:00,550.2899780273438,550.9099731445312,550.1599731445312,550.3599853515625,3446701,-0.00014539838267423676,-0.14944620671692116
2025-07-02 19:30:00,550.8099975585938,551.0,550.030029296875,550.280029296875,4740284,0.0009445456024740963,0.44891986978176057
2025-07-03 13:30:00,556.2000122070312,556.3300170898438,553.1799926757812,553.1799926757812,10833414,0.009738046079449983,3.0989220721666713
2025-07-03 14:30:00,556.4199829101562,556.6500244140625,555.64990234375,556.2100219726562,5406564,0.00039541030532688043,-0.05158665676828678
2025-07-03 15:30:00,556.5700073242188,557.2000122070312,556.3400268554688,556.4108276367188,4112725,0.00026958807588120276,-0.09853963701298012
2025-07-07 13:30:00,553.3800048828125,554.3400268554688,552.5599975585938,553.530029296875,8626633,-0.0057480268289715015,-1.853411931077966
2025-07-07 14:30:00,552.9600219726562,553.4099731445312,552.0499877929688,553.3800048828125,4707825,-0.0007592293872330552,-0.2788663153014561
2025-07-07 15:30:00,552.2899780273438,553.9199829101562,550.828125,552.9400024414062,7067672,-0.0012124750552331954,-0.39153762833555783
2025-07-07 16:30:00,551.760009765625,553.02001953125,551.260009765625,552.260009765625,5631773,-0.0009600440347515077,-0.4059910332508713
2025-07-07 17:30:00,549.7100219726562,553.0999755859375,549.6599731445312,551.739990234375,5920825,-0.003722280408624884,-1.3179412525888148
2025-07-07 18:30:00,551.1749877929688,552.1701049804688,549.5850219726562,549.72998046875,6202439,0.0026614345223011106,0.734738801733953
2025-07-07 19:30:00,552.0599975585938,552.22998046875,551.030029296875,551.1799926757812,4505403,0.001604390664211349,0.3983254853569828
2025-07-08 13:30:00,551.9000244140625,553.4404907226562,551.2899780273438,553.3400268554688,7548516,-0.00028981691812555977,-0.2173338387811805
2025-07-08 14:30:00,551.77001953125,553.530029296875,551.0999755859375,551.8900146484375,6797874,-0.000235586503642038,-0.19532855660756246
2025-07-08 15:30:00,553.6400146484375,554.010009765625,551.77001953125,551.77001953125,3562440,0.003383354308716387,0.895985810871639
2025-07-08 16:30:00,552.8150024414062,553.760009765625,551.9500732421875,553.6599731445312,4024591,-0.0014912713977219007,-0.6004504673806005
2025-07-08 17:30:00,552.8049926757812,553.5,552.3200073242188,552.8400268554688,3274550,-1.8107063311969587e-05,-0.09932652940195755
2025-07-08 18:30:00,552.2650146484375,552.989990234375,551.8200073242188,552.8499755859375,4293287,-0.0009772739586470017,-0.38209192803250647
2025-07-08 19:30:00,552.3099975585938,552.5800170898438,551.8200073242188,552.27001953125,4313025,8.144835739347428e-05,-0.03921947381163309
2025-07-09 13:30:00,556.135009765625,557.6300048828125,554.4700927734375,554.52001953125,9872864,0.006901609668611584,1.9080554621703034
2025-07-09 14:30:00,554.5250854492188,556.1400146484375,553.0999755859375,556.1400146484375,9041238,-0.002899042561961148,-0.9573709658028775
2025-07-09 15:30:00,554.364990234375,554.739990234375,553.5399780273438,554.530029296875,4012820,-0.0002887485774591761,-0.17801635510434333
2025-07-09 16:30:00,554.5999755859375,555.201904296875,554.1799926757812,554.3699951171875,4204952,0.00042379220682698044,0.2167451596274072
2025-07-09 17:30:00,555.3049926757812,555.6199951171875,554.0900268554688,554.5800170898438,4431885,0.001270409998739337,0.5198819068588784
2025-07-09 18:30:00,555.8599853515625,556.1799926757812,555.2098999023438,555.2999877929688,4445684,0.0009989384707171378,0.40150141652671983
2025-07-09 19:30:00,556.260009765625,556.3800048828125,555.6500244140625,555.8499755859375,5204344,0.00071939077270557,0.20111199217943793
2025-07-10 13:30:00,553.5999755859375,557.2999877929688,552.75,556.8599853515625,10431008,-0.00479346819989768,-1.9065734610049472
2025-07-10 14:30:00,555.059326171875,555.1599731445312,553.5499877929688,553.6500244140625,5291844,0.0026326418341436923,0.9204856033153518
2025-07-10 15:30:00,555.3052978515625,555.6950073242188,554.239990234375,555.0599975585938,4422740,0.00044304668644730666,0.04773134827062191
2025-07-10 16:30:00,555.39501953125,555.5,554.7098999023438,555.2999877929688,3333147,0.00016155875437957933,-0.1475338300648609
2025-07-10 17:30:00,555.905029296875,556.2899780273438,555.3853149414062,555.3853149414062,2825946,0.0009178615657733923,0.20959869494133673
2025-07-10 18:30:00,555.8099975585938,556.1599731445312,555.7100219726562,555.9149780273438,2900103,-0.00017096420614463956,-0.21890079601199897
2025-07-10 19:30:00,555.469970703125,556.1400146484375,554.8900146484375,555.7999877929688,3915629,-0.0006119553592097863,-0.40048601294473224
2025-07-11 13:30:00,555.0900268554688,555.3900146484375,552.0499877929688,553.3300170898438,9249509,-0.0006842383361819105,-0.4204493016474499
2025-07-11 14:30:00,554.09619140625,555.4500122070312,553.1099853515625,555.0800170898438,5721198,-0.001792008769698715,-0.808679834418043
2025-07-11 15:30:00,555.10009765625,555.510009765625,554.0499877929688,554.0900268554688,4544282,0.0018101512491879917,0.7066791520239372
2025-07-11 16:30:00,555.4400024414062,555.7899780273438,554.5700073242188,555.1099853515625,3406474,0.0006121432188543392,0.16487186371659834
2025-07-11 17:30:00,555.2899780273438,555.60498046875,554.3699951171875,555.4400024414062,3621268,-0.00027013660855992655,-0.2407771922501362
2025-07-11 18:30:00,554.7999877929688,555.719970703125,553.47998046875,555.27001953125,5180172,-0.000882793793807019,-0.4877954943085388
2025-07-11 19:30:00,554.2100219726562,554.8551025390625,554.1900024414062,554.760009765625,4050507,-0.001063950497778074,-0.5389138489471507
2025-07-14 13:30:00,553.9451293945312,555.0800170898438,551.6300048828125,553.9509887695312,11227506,-0.00047807851246012647,-0.27896127563168216
2025-07-14 14:30:00,555.6552124023438,555.919921875,553.5399780273438,553.9199829101562,5243868,0.0030823428892931253,1.7682735407105579
2025-07-14 15:30:00,555.7100219726562,556.0598754882812,555.2000122070312,555.6599731445312,3187616,9.863466781509445e-05,-0.0008005672477411172
2025-07-14 16:30:00,556.5499877929688,556.85009765625,555.47998046875,555.719970703125,3863571,0.0015103770208725904,0.8296695960378492
2025-07-14 17:30:00,556.5549926757812,556.9450073242188,556.2249755859375,556.5599975585938,3312265,8.9926519067659e-06,-0.031977724880754566
2025-07-14 18:30:00,556.3599853515625,556.7886962890625,556.2100219726562,556.5499877929688,3436809,-0.0003504442478798545,-0.21554416407501267
2025-07-14 19:30:00,556.1699829101562,556.3800048828125,555.748779296875,556.3499755859375,3718038,-0.00034156822498971663,-0.46470932212350996
2025-07-15 13:30:00,559.75,560.7999877929688,558.3699951171875,560.2449951171875,11226586,0.006416283293987991,3.355145175125737
2025-07-15 14:30:00,559.5050048828125,559.9199829101562,557.760009765625,559.77001953125,6537943,-0.0004377824893013998,-0.4532045107684408
2025-07-15 15:30:00,558.9600219726562,559.780029296875,558.6799926757812,559.510009765625,4303671,-0.0009745194354780589,-0.710390026500004
2025-07-15 16:30:00,558.3200073242188,559.3099975585938,557.4600219726562,558.9650268554688,4520680,-0.0011456657268716238,-0.7385154305525414
2025-07-15 17:30:00,559.4600219726562,559.75,558.2849731445312,558.3200073242188,3462130,0.002039784239888558,0.9079577277350923
2025-07-15 18:30:00,557.5700073242188,559.6199951171875,557.3800048828125,559.4600219726562,5583330,-0.003384002940813104,-1.740044353176907
2025-07-15 19:30:00,556.7100219726562,558.1699829101562,556.6599731445312,557.5800170898438,4738713,-0.0015435716331669816,-0.8116703940182495
2025-07-16 13:30:00,555.655029296875,557.6699829101562,554.3099975585938,557.2249755859375,9375773,-0.0018968467067561792,-0.9764253373943774
2025-07-16 14:30:00,555.0447998046875,556.5800170898438,553.0700073242188,555.6600952148438,10183470,-0.001098819928838278,-0.5296354218284208
2025-07-16 15:30:00,555.0999755859375,556.0800170898438,551.5599975585938,555.0399780273438,11020692,9.940285721030008e-05,0.06310534764800275
2025-07-16 16:30:00,556.47998046875,557.1099853515625,554.5999755859375,555.1199951171875,5262259,0.0024829623533329133,1.113272314136542
2025-07-16 17:30:00,556.5800170898438,556.6749877929688,555.9199829101562,556.5,3618400,0.00017975063623259187,0.009232737562871745
2025-07-16 18:30:00,557.260009765625,557.469970703125,556.5700073242188,556.5700073242188,4375974,0.0012209881919568405,0.4478611665860774
2025-07-16 19:30:00,557.3400268554688,557.9400024414062,557.1099853515625,557.2449951171875,4427276,0.00014357991629673772,-0.07686539301186204
2025-07-17 13:30:00,559.3099975585938,559.8099975585938,557.2100219726562,557.9849853515625,8594667,0.0035283619823395984,1.4959358160817218
2025-07-17 14:30:00,561.0848999023438,561.4400024414062,559.155029296875,559.3200073242188,5647376,0.0031683540018736466,1.2047588533996914
2025-07-17 15:30:00,561.8250122070312,562.2100219726562,560.8099975585938,561.0900268554688,4966006,0.0013182044327481322,0.38027154072998937
2025-07-17 16:30:00,561.8150024414062,561.9600830078125,561.3900146484375,561.8200073242188,3493197,-1.781667704026849e-05,-0.21925190238274014
2025-07-17 17:30:00,561.7550048828125,562.3099975585938,561.2999877929688,561.8099975585938,4113840,-0.0001067980780185829,-0.2651736920769756
2025-07-17 18:30:00,561.8900146484375,562.1400146484375,561.5250244140625,561.7550048828125,4763942,0.00024030679427736984,-0.12249443730970588
2025-07-17 19:30:00,561.7999877929688,562.27001953125,561.489990234375,561.8800048828125,5725103,-0.00016023432702215237,-0.1986946790376676
2025-07-18 13:30:00,560.4801025390625,563.3200073242188,560.3300170898438,563.1099243164062,10082522,-0.0023521505438988313,-1.3450746153010538
2025-07-18 14:30:00,561.0499877929688,561.375,560.3200073242188,560.510009765625,8495918,0.0010162639555846692,0.45920630168044924
2025-07-18 15:30:00,560.719970703125,561.9199829101562,560.1300048828125,561.0499877929688,5292458,-0.0005883864100036107,-0.4486931445500507
2025-07-18 16:30:00,560.9202270507812,561.1099853515625,560.0,560.72998046875,7123060,0.0003570776977949112,0.13047990408355495
2025-07-18 17:30:00,561.0700073242188,561.2100219726562,560.3800048828125,560.9199829101562,6997297,0.0002669903350998248,-0.030026695010856017
2025-07-18 18:30:00,560.9500122070312,561.3800048828125,560.5900268554688,561.0549926757812,4115121,-0.0002138912239642606,-0.40325433400978655
2025-07-18 19:30:00,561.25,561.3200073242188,560.6400146484375,560.9500122070312,4919836,0.0005346423041370816,0.02459760939649409
2025-07-21 13:30:00,565.87841796875,565.9000244140625,562.0900268554688,562.1400146484375,9286094,0.008212806829417866,3.36232108578909
2025-07-21 14:30:00,565.4298706054688,566.0599975585938,565.030029296875,565.8900146484375,4307688,-0.00079297109605829,-0.785522979916688
2025-07-21 15:30:00,564.97998046875,565.6298828125,564.5349731445312,565.4299926757812,4021758,-0.0007959770698117131,-0.7118934589745554
2025-07-21 16:30:00,565.9299926757812,566.0399169921875,564.9400024414062,564.9619750976562,4154086,0.001680084981221125,0.38722090660266856
2025-07-21 17:30:00,565.7899780273438,566.0479736328125,565.530029296875,565.9099731445312,2741804,-0.00024743691509641067,-0.4580171149960165
2025-07-21 18:30:00,564.7498779296875,565.8099975585938,564.5399780273438,565.7949829101562,5494501,-0.0018400065873392293,-1.1008259154966475
2025-07-21 19:30:00,564.1599731445312,564.9700927734375,563.7949829101562,564.7449951171875,5597136,-0.0010450875918683294,-0.6723630164985669
2025-07-22 13:30:00,560.010009765625,564.3400268554688,558.6099853515625,564.3400268554688,15315236,-0.007383193456009511,-2.687708635528753
2025-07-22 14:30:00,560.97998046875,561.489990234375,559.9600219726562,560.0,4969212,0.0017305612960878466,0.6628804178443426
2025-07-22 15:30:00,560.0999755859375,561.6099853515625,559.9099731445312,560.9500122070312,3944284,-0.0015699238199784124,-0.5163236535815553
2025-07-22 16:30:00,561.8200073242188,561.9749755859375,559.780029296875,560.0919799804688,3804445,0.003066231303647913,1.0785883251874828
2025-07-22 17:30:00,561.1500244140625,561.9199829101562,560.0800170898438,561.8200073242188,3255714,-0.0011932339612180554,-0.3956557630636909
2025-07-22 18:30:00,561.719970703125,562.1400146484375,561.10498046875,561.1300048828125,3764542,0.0010151599748633466,0.3575216940853628
2025-07-22 19:30:00,561.2899780273438,562.1300048828125,561.2100219726562,561.7100219726562,5362338,-0.0007657860863666842,-0.29794917962600276
2025-07-23 13:30:00,560.6900024414062,562.35009765625,559.5850219726562,562.3400268554688,9626754,-0.0010694943823781858,-0.368615526803319
2025-07-23 14:30:00,561.0449829101562,561.27001953125,559.6799926757812,560.6799926757812,4409621,0.0006329132731624794,0.21455374012367276
2025-07-23 15:30:00,561.0999755859375,563.0700073242188,560.7100219726562,561.02001953125,6930389,9.801349711345229e-05,0.029138996358232465
2025-07-23 16:30:00,561.6599731445312,561.7999877929688,560.9400024414062,561.0499877929688,2840157,0.000997537551395381,0.3348616354353454
2025-07-23 17:30:00,563.125,563.7899780273438,561.469970703125,561.6599731445312,4719650,0.002604991565353608,0.8379474990116254
2025-07-23 18:30:00,563.094970703125,563.3798828125,562.875,563.1199951171875,3189805,-5.332758726229819e-05,-0.07556675878155149
2025-07-23 19:30:00,563.8300170898438,563.8300170898438,562.5,563.0700073242188,4536914,0.0013045171576113145,0.6773734140720491
2025-07-24 13:30:00,564.0999755859375,565.77001953125,563.2999877929688,565.02001953125,9941820,0.00047867953330697966,0.27192777428758363
2025-07-24 14:30:00,565.2650146484375,565.6300048828125,564.030029296875,564.1099853515625,4265979,0.002063176184567615,0.9100232361861157
2025-07-24 15:30:00,564.5399780273438,565.719970703125,564.2799072265625,565.280029296875,4227017,-0.0012834723254428301,-0.5222422834210595
2025-07-24 16:30:00,565.4550170898438,566.219970703125,564.394775390625,564.530029296875,3711710,0.001619545690840821,0.7311279555311905
2025-07-24 17:30:00,566.0700073242188,566.22998046875,565.25,565.4600219726562,3932122,0.0010870113902238874,0.4357323121767036
2025-07-24 18:30:00,566.0650024414062,566.239990234375,565.1599731445312,566.0800170898438,6125220,-8.841494643915985e-06,-0.08025835035758143
2025-07-24 19:30:00,565.0900268554688,566.177978515625,564.97998046875,566.0599975585938,8118390,-0.0017238588913621935,-1.5428249061931065
2025-07-25 13:30:00,566.0549926757812,566.3099975585938,564.27001953125,565.0,7451230,0.0017061756675546215,0.8914228819521016
2025-07-25 14:30:00,566.3699951171875,566.4285278320312,565.6599731445312,566.0548095703125,3834350,0.0005563325658235504,-0.00021186232240094936
2025-07-25 15:30:00,567.4149780273438,567.5900268554688,565.9550170898438,566.344970703125,4549026,0.0018433534238121451,1.0967284520690284
2025-07-25 16:30:00,566.969970703125,567.6950073242188,566.6719970703125,567.4000244140625,2609703,-0.0007845790752853683,-1.0814242387467554
2025-07-25 17:30:00,567.1300048828125,567.3200073242188,566.5499877929688,566.969970703125,1936187,0.00028222235110635536,-0.16450871340027118
2025-07-25 18:30:00,566.8200073242188,567.3099975585938,566.7949829101562,567.1400146484375,3273857,-0.0005467570227597956,-0.8738409628988697
2025-07-25 19:30:00,566.3900146484375,567.085205078125,566.0599975585938,566.8049926757812,4379800,-0.000758893211462152,-1.0836055982794655
2025-07-28 13:30:00,568.4650268554688,569.0399780273438,567.5399780273438,567.719970703125,8396604,0.0036568802948965043,2.1998294477811897
2025-07-28 14:30:00,567.9166870117188,568.8300170898438,566.8800048828125,568.4400024414062,4021035,-0.0009650628474860168,-1.115274028272522
2025-07-28 15:30:00,568.2550048828125,568.5700073242188,567.77001953125,567.9249877929688,3354062,0.0005955400640705586,0.008448339256761984
2025-07-28 16:30:00,567.5300903320312,568.260009765625,567.3200073242188,568.260009765625,2775832,-0.0012764996692944143,-1.2094755644814745
2025-07-28 17:30:00,567.4650268554688,568.0452270507812,566.9600219726562,567.530029296875,2990389,-0.00011464979126076311,-0.363537269977981
2025-07-28 18:30:00,567.469970703125,567.6599731445312,567.0894775390625,567.469970703125,3243862,8.712124777017214e-06,-0.22956685437386784
2025-07-28 19:30:00,568.2000122070312,568.280029296875,567.2999877929688,567.4600219726562,4175518,0.001285658008840987,0.669085160321194
2025-07-29 13:30:00,569.8900146484375,572.1099853515625,569.4099731445312,570.7899780273438,10374415,0.002969894549143577,1.764581592055874
2025-07-29 14:30:00,567.5449829101562,570.2899780273438,567.4199829101562,569.8800048828125,6639083,-0.00412337419874514,-2.5265239236986368
2025-07-29 15:30:00,567.8499755859375,568.8800048828125,566.9199829101562,567.5399780273438,7180583,0.0005372450896226199,0.19067117334483885
2025-07-29 16:30:00,568.5698852539062,568.97998046875,567.1799926757812,567.8400268554688,3537224,0.0012669784981384508,0.6104202209571095
2025-07-29 17:30:00,567.8765258789062,568.739990234375,567.489990234375,568.5800170898438,3482778,-0.0012202237681231468,-0.7911329794892328
2025-07-29 18:30:00,567.4000244140625,568.5599975585938,567.3900146484375,567.8699951171875,2933919,-0.0008394456711046955,-0.6120473993622203
2025-07-29 19:30:00,567.3200073242188,567.530029296875,566.530029296875,567.4099731445312,8142748,-0.00014103406609264598,-0.15139610099739315
2025-07-30 13:30:00,568.5700073242188,569.1099853515625,567.27001953125,568.1699829101562,6817561,0.002200918202409725,1.1593462951407048
2025-07-30 14:30:00,568.1699829101562,569.468017578125,567.875,568.60498046875,3379877,-0.0007038099020210712,-0.4539622150246061
2025-07-30 15:30:00,569.3300170898438,569.5999755859375,567.9099731445312,568.1799926757812,2161614,0.002039621242792097,1.0532789176230695
2025-07-30 16:30:00,569.10009765625,569.489990234375,568.9400024414062,569.3350219726562,1374060,-0.00040392367303290625,-0.33093830378162653
2025-07-30 17:30:00,569.7947998046875,569.9000244140625,568.77001953125,569.1199951171875,3448184,0.0012199584635011525,0.547310443099606
2025-07-30 18:30:00,565.9891967773438,570.6199951171875,565.0499877929688,569.7999877929688,15525560,-0.006701304615061967,-2.8503072664009106
2025-07-30 19:30:00,568.1400146484375,568.260009765625,565.7000122070312,566.0,6206395,0.0037929019514103754,1.6260751920435665
2025-07-31 13:30:00,571.9301147460938,574.580078125,571.2000122070312,574.5399780273438,13703804,0.0066489138916485165,2.273466022962141
2025-07-31 14:30:00,569.4199829101562,572.3187866210938,568.1749877929688,571.9099731445312,8606201,-0.004398537991242675,-1.5181040833413366
2025-07-31 15:30:00,571.1300048828125,571.3499755859375,569.2999877929688,569.4299926757812,4781437,0.0029985941383941393,0.8900229981833552
2025-07-31 16:30:00,567.4450073242188,571.4000244140625,567.0499877929688,571.1500244140625,5703519,-0.006473021778737644,-1.917178649515916
2025-07-31 17:30:00,566.5900268554688,568.469970703125,563.8699951171875,567.47998046875,11347765,-0.0015078557627821556,-0.42163890500123774
2025-07-31 18:30:00,565.5607299804688,567.530029296875,565.4000244140625,566.5800170898438,6801137,-0.0018183040595540379,-0.466670635078474
2025-07-31 19:30:00,565.0,566.489990234375,564.0117797851562,565.6099853515625,8594336,-0.000991950297896283,-0.16922838504693732
2025-08-01 13:30:00,556.3800048828125,559.0194091796875,551.8800048828125,558.8200073242188,24450011,-0.015374208330212545,-3.087522740472834
2025-08-01 14:30:00,554.378173828125,557.25,554.3200073242188,556.3800048828125,8502978,-0.0036044447124028134,-0.5138701688473896
2025-08-01 15:30:00,556.97998046875,557.8410034179688,554.2349853515625,554.3599853515625,6455860,0.004682219469729957,1.1819440762662425
2025-08-01 16:30:00,553.1300048828125,557.219970703125,552.8400268554688,556.9600219726562,6650572,-0.00693623347659176,-1.1218260930038872
2025-08-01 17:30:00,554.1199951171875,554.2899780273438,551.7000122070312,553.1099853515625,5966567,0.0017881968808820133,0.5876939582734374
2025-08-01 18:30:00,553.7899780273438,555.3583984375,553.0847778320312,554.1199951171875,5678246,-0.000595747141200932,0.12093063243172794
2025-08-01 19:30:00,553.8499755859375,555.4299926757812,552.8099975585938,553.780029296875,7351638,0.00010833404565564122,0.2839232383669789
2025-08-04 13:30:00,562.8200073242188,563.1279907226562,558.9500122070312,559.0800170898438,14056755,0.016066026342653868,2.610397737607636
2025-08-04 14:30:00,561.9299926757812,562.9500122070312,561.3699951171875,562.8499755859375,5913478,-0.0015826002830853533,-0.1470938797359778
2025-08-04 15:30:00,563.219970703125,563.510009765625,561.6300048828125,561.9099731445312,4809358,0.0022929896183328693,0.4431388248306395
2025-08-04 16:30:00,563.60498046875,563.7100219726562,562.9550170898438,563.2150268554688,4425439,0.0006833533109237251,0.19393479760587712
2025-08-04 17:30:00,563.2750244140625,563.7349853515625,562.6900024414062,563.6099853515625,3752977,-0.0005856099366167632,-0.05593559951676545
2025-08-04 18:30:00,563.2999877929688,564.1199951171875,563.030029296875,563.27001953125,3443739,4.4317295590344366e-05,0.07739223295322122
2025-08-04 19:30:00,564.0999755859375,564.3150024414062,562.97998046875,563.2999877929688,6592101,0.0014191732361588064,0.35801985349968224
2025-08-05 13:30:00,563.9500122070312,566.5607299804688,563.280029296875,565.2949829101562,11228360,-0.0002658807347413759,0.03721500364920976
2025-08-05 14:30:00,561.114990234375,563.989990234375,560.2999877929688,563.9500122070312,9535371,-0.0050397585332423,-0.7104448430394672
2025-08-05 15:30:00,561.760009765625,562.0700073242188,559.72998046875,561.0900268554688,5742588,0.0011488716058280057,0.28926480584421316
2025-08-05 16:30:00,562.05126953125,562.4099731445312,560.2999877929688,561.72998046875,3772715,0.0005183428525979541,0.1611675027442326
2025-08-05 17:30:00,561.31201171875,563.0599975585938,561.2393188476562,562.0499877929688,4178987,-0.0013161511179047248,-0.16458558455838848
2025-08-05 18:30:00,561.1199951171875,561.6798706054688,559.7849731445312,561.2999877929688,5719174,-0.00034214384883221,0.0004214211335942794
2025-08-05 19:30:00,560.1900024414062,561.259521484375,559.9000244140625,561.1300048828125,5225258,-0.0016587614326901195,-0.4445124417231328
2025-08-06 13:30:00,561.8300170898438,563.8900146484375,560.6300048828125,561.1199951171875,10252675,0.0029233271917280456,0.5086980972396851
2025-08-06 14:30:00,564.8800048828125,565.0349731445312,561.364990234375,561.8499755859375,6356892,0.005413984403071523,1.053167861637204
2025-08-06 15:30:00,565.9199829101562,566.3400268554688,564.260009765625,564.8599853515625,5030106,0.0018393674067581794,0.16994299938541454
2025-08-06 16:30:00,566.1400146484375,566.4199829101562,565.3800048828125,565.9149780273438,3806023,0.0003887280559801719,-0.1669744496499206
2025-08-06 17:30:00,567.1799926757812,567.239990234375,565.8300170898438,566.1400146484375,3475007,0.0018352774371422516,0.15696055685802796
2025-08-06 18:30:00,567.4199829101562,567.6699829101562,566.9500122070312,567.1699829101562,4371193,0.000423039385013488,-0.19303846910983702
2025-08-06 19:30:00,567.3195190429688,567.7550048828125,566.8900146484375,567.4099731445312,5037883,-0.0001770694811929601,-0.2734895919783967
2025-08-07 13:30:00,571.0250244140625,573.3200073242188,570.260009765625,571.6799926757812,11820553,0.006510363633727233,2.3279805815730192
2025-08-07 14:30:00,569.4450073242188,571.4600219726562,569.1599731445312,571.030029296875,6142121,-0.0027708191478018392,-1.3024995179051593
2025-08-07 15:30:00,569.0700073242188,569.969970703125,568.27001953125,569.4650268554688,4426010,-0.000658752864452838,-0.44524486427280663
2025-08-07 16:30:00,567.010009765625,569.4000244140625,566.5750122070312,569.030029296875,5327807,-0.0036265047976954427,-1.4571504633598602
2025-08-07 17:30:00,566.052001953125,567.6400146484375,565.1099853515625,566.9949951171875,5148401,-0.0016910072544617121,-0.7028496949142625
2025-08-07 18:30:00,566.719970703125,567.3198852539062,565.5515747070312,566.0599975585938,4071395,0.0011793526738754399,0.34488509723280103
2025-08-07 19:30:00,569.25,569.3099975585938,566.6699829101562,566.739990234375,5186285,0.004454402044883694,1.3741495804856454
2025-08-08 13:30:00,573.6199951171875,573.7999877929688,570.155029296875,570.530029296875,8689295,0.007647442724913706,2.1685699070174698
2025-08-08 14:30:00,573.4099731445312,574.260009765625,572.8599853515625,573.6099853515625,5893752,-0.0003662013736599775,-0.45866422000579016
2025-08-08 15:30:00,574.0,574.3300170898438,572.1199951171875,573.3699951171875,4310828,0.0010284500244636418,-0.0077022835031873935
2025-08-08 16:30:00,573.280029296875,574.1900024414062,573.1318969726562,574.0,2827278,-0.0012550916589696064,-0.762064602956931
2025-08-08 17:30:00,574.375,574.77001953125,573.239990234375,573.2750244140625,2864236,0.0019081884493547337,0.24543378540420518
2025-08-08 18:30:00,574.375,574.7100219726562,574.25,574.375,3035754,0.0,-0.422578225386088
2025-08-08 19:30:00,574.5499877929688,574.6799926757812,573.6699829101562,574.3699951171875,4721747,0.00030461134744402325,-0.2772536088461822
2025-08-11 13:30:00,575.5499877929688,575.9249877929688,573.8300170898438,574.72998046875,7746936,0.0017389796943431172,0.29044598183194964
2025-08-11 14:30:00,575.094970703125,575.7650146484375,574.6500244140625,575.5599975585938,3122213,-0.0007908905526453911,-0.5730999330861538
2025-08-11 15:30:00,576.344970703125,576.7999877929688,574.6849975585938,575.0900268554688,4196639,0.0021711952939974075,0.45679525078993305
2025-08-11 16:30:00,574.9949951171875,576.4420166015625,574.885009765625,576.35498046875,2822223,-0.0023450522776429362,-1.0523676595924614
2025-08-11 17:30:00,573.8800048828125,575.1898803710938,573.7100219726562,574.989990234375,3133985,-0.0019410128768374787,-0.8533854882676651
2025-08-11 18:30:00,573.3800048828125,574.280029296875,573.1199951171875,573.8800048828125,2872621,-0.0008716420469650583,-0.4753993245538322
2025-08-11 19:30:00,572.75,573.5280151367188,571.5700073242188,573.385009765625,6046929,-0.0010993603580398735,-0.47889530834896127
2025-08-12 13:30:00,575.6500244140625,576.9400024414062,572.4849853515625,575.1500244140625,13776364,0.005050558197363633,1.6498344937689262
2025-08-12 14:30:00,577.5800170898438,578.2150268554688,575.1500244140625,575.6599731445312,6240117,0.003347110998075376,0.934858334967444
2025-08-12 15:30:00,578.6599731445312,578.760009765625,577.280029296875,577.5599975585938,3778348,0.0018680488096944985,0.3276768996900997
2025-08-12 16:30:00,578.8870849609375,579.4099731445312,578.572021484375,578.6400146484375,3400339,0.0003924018772803251,-0.288705252580161
2025-08-12 17:30:00,579.6199951171875,579.9500122070312,578.8300170898438,578.8800048828125,2877276,0.0012652667672550548,0.05542408712013333
2025-08-12 18:30:00,579.7449951171875,579.7725219726562,579.2399291992188,579.6500244140625,3512632,0.00021563528575956533,-0.29014166997127305
2025-08-12 19:30:00,580.02001953125,580.3499755859375,579.3699951171875,579.72998046875,6274725,0.0004742761089430028,-0.04450031863476871
2025-08-13 13:30:00,580.6492919921875,583.3198852539062,580.4099731445312,582.75,9694987,0.00108432697642001,0.2540305734175204
2025-08-13 14:30:00,579.875,581.030029296875,579.0698852539062,580.6300048828125,7819566,-0.001334383282488642,-0.997435568031159
2025-08-13 15:30:00,579.7750244140625,580.6699829101562,579.4600219726562,579.9000244140625,3466645,-0.00017242372108892552,-0.40662222681972715
2025-08-13 16:30:00,580.340087890625,580.3900146484375,578.9400024414062,579.760009765625,4090206,0.0009741507808230639,0.2563826762231759
2025-08-13 17:30:00,579.8900756835938,580.594970703125,579.3200073242188,580.3599853515625,3211903,-0.0007757292367083525,-0.6945496967440611
2025-08-13 18:30:00,580.155029296875,580.5800170898438,578.989990234375,579.9149780273438,4874080,0.00045679882058194675,-0.01585817354105161
2025-08-13 19:30:00,580.3400268554688,580.6400146484375,579.5599975585938,580.155029296875,4114439,0.00031882524476089944,-0.05368989432023735
2025-08-14 13:30:00,580.5800170898438,580.7999877929688,577.9199829101562,578.364990234375,12744343,0.00041344834908357505,-0.03480663561150418
2025-08-14 14:30:00,579.030029296875,581.8798828125,578.4500122070312,580.5800170898438,6047040,-0.002673293010663431,-1.576481942012815
2025-08-14 15:30:00,578.9500122070312,580.3400268554688,578.4600219726562,579.02001953125,5891512,-0.0001382011556385936,-0.27574965219164643
2025-08-14 16:30:00,581.1699829101562,581.22998046875,578.9299926757812,578.9299926757812,4301531,0.003827144471491925,1.7543189097416494
2025-08-14 17:30:00,579.375,581.1801147460938,579.2650146484375,581.1699829101562,4190258,-0.003093347294430504,-1.825709859650885
2025-08-14 18:30:00,579.989990234375,580.4000244140625,579.1799926757812,579.3699951171875,4141497,0.0010609088548259433,0.2225590627348668
2025-08-14 19:30:00,579.8699951171875,580.7449951171875,579.8200073242188,579.989990234375,4922812,-0.00020691310870464883,-0.34709956085471944
2025-08-15 13:30:00,578.489990234375,579.7899780273438,576.4199829101562,579.7899780273438,10723385,-0.002382688547851446,-1.5384226452309386
2025-08-15 14:30:00,577.2100219726562,578.6400146484375,576.8400268554688,578.489990234375,9481686,-0.0022150536844201337,-1.2898900797807857
2025-08-15 15:30:00,576.3099975585938,577.5999755859375,575.5742797851562,577.218017578125,9678703,-0.0015604837045938593,-0.8126192918735903
2025-08-15 16:30:00,577.2750244140625,577.7493896484375,576.260009765625,576.344970703125,4465488,0.0016730922510248471,1.124857012662565
2025-08-15 17:30:00,577.719970703125,578.27001953125,577.1699829101562,577.260009765625,3900751,0.0007704731413636436,0.562929193821923
2025-08-15 18:30:00,577.3350219726562,577.8499755859375,576.5349731445312,577.719970703125,4361274,-0.0006665461768693348,-0.2593353586875743
2025-08-15 19:30:00,577.22998046875,577.7999877929688,576.9450073242188,577.3499755859375,4838867,-0.00018195858002613126,0.0688240967738818
2025-08-18 13:30:00,576.5999755859375,577.7650146484375,575.64501953125,576.4199829101562,8315814,-0.0010920239019868176,-0.49325504113420837
2025-08-18 14:30:00,575.849609375,576.9000244140625,575.2412109375,576.5900268554688,4736566,-0.0013022110932501402,-0.5815341117627639
2025-08-18 15:30:00,576.4600219726562,576.6400146484375,575.47998046875,575.8400268554688,3072540,0.0010594594337269936,0.8408796255762108
2025-08-18 16:30:00,576.4450073242188,576.7080078125,575.3400268554688,576.4600219726562,2820683,-2.6046635337341616e-05,0.16409968435621475
2025-08-18 17:30:00,576.409912109375,577.1699829101562,575.97998046875,576.4398803710938,3219203,-6.088400936312777e-05,0.15950343950948295
2025-08-18 18:30:00,576.97998046875,577.47998046875,576.3800048828125,576.3900146484375,3267160,0.0009885094528113243,0.7663001276780956
2025-08-18 19:30:00,577.0999755859375,577.5700073242188,576.8629760742188,576.989990234375,2712232,0.00020794940071586882,0.30545369882848866
2025-08-19 13:30:00,573.094970703125,576.5599975585938,573.010009765625,576.3699951171875,12888109,-0.006964073493897637,-2.954577230036222
2025-08-19 14:30:00,571.9650268554688,573.8499755859375,570.4000244140625,573.1199951171875,9855482,-0.0019735982687978256,-0.619956371845031
2025-08-19 15:30:00,570.8599853515625,572.1749877929688,570.4099731445312,571.9400024414062,4930150,-0.0019338776041766018,-0.5308384104451407
2025-08-19 16:30:00,569.7012939453125,571.02001953125,568.7100219726562,570.8599853515625,7498101,-0.0020317922866389198,-0.6235943859419029
2025-08-19 17:30:00,569.4100952148438,570.4099731445312,569.1199951171875,569.7000122070312,4226574,-0.0005112735059681129,0.22032875075121056
2025-08-19 18:30:00,569.0499877929688,569.530029296875,568.25,569.4099731445312,5031300,-0.0006326219764043302,0.1670097587189122
2025-08-19 19:30:00,569.280029296875,569.4400024414062,568.5,569.0399780273438,5911280,0.0004041736641997054,0.6551104142408416
2025-08-20 13:30:00,560.281005859375,568.4500122070312,559.510009765625,568.219970703125,23916140,-0.015934001891451385,-3.749536980487646
2025-08-20 14:30:00,563.4400024414062,563.5,558.8400268554688,560.3099975585938,13198180,0.005622400721141733,1.6200724267517805
2025-08-20 15:30:00,565.2000122070312,565.3300170898438,561.6707153320312,563.4349975585938,10193369,0.00311881763790033,0.9870128596350811
2025-08-20 16:30:00,563.9500122070312,565.22802734375,563.2899780273438,565.2000122070312,6087476,-0.002214055676575062,-0.2390887080161827
2025-08-20 17:30:00,563.0900268554688,565.6199951171875,562.5999755859375,563.9600219726562,7224950,-0.001526095770624844,-0.06571692985890752
2025-08-20 18:30:00,565.75,566.510009765625,563.030029296875,563.0499877929688,6359428,0.004712763552754611,1.2944844371672763
2025-08-20 19:30:00,565.8599853515625,566.8900146484375,565.5999755859375,565.75,6015990,0.00019438738316661367,0.25640576338566096
2025-08-21 13:30:00,566.4099731445312,566.47998046875,561.8499755859375,564.3200073242188,13572971,0.000971478280593784,0.40457045902524735
2025-08-21 14:30:00,564.3300170898438,566.4199829101562,563.0100708007812,566.4199829101562,7097116,-0.0036789331209462974,-0.5858788919209821
2025-08-21 15:30:00,562.4849853515625,565.219970703125,562.27001953125,564.280029296875,5211535,-0.0032747760424756147,-0.45698612424472435
2025-08-21 16:30:00,561.625,563.2092895507812,560.97998046875,562.469970703125,5284151,-0.001530073623661207,-0.05157646034364304
2025-08-21 17:30:00,562.885009765625,563.4749755859375,561.5,561.5999755859375,4393128,0.002240994356657691,0.7697352250678996
2025-08-21 18:30:00,563.7799072265625,564.2100219726562,562.4299926757812,562.885009765625,4576506,0.001588578175527214,0.6055386238664966
2025-08-21 19:30:00,563.2999877929688,563.8150024414062,562.97998046875,563.780029296875,4206150,-0.000851615692409321,0.0023813261428253076
2025-08-22 13:30:00,571.6799926757812,573.5800170898438,563.280029296875,564.6699829101562,17828894,0.014767057233254442,2.6606264754589763
2025-08-22 14:30:00,573.3200073242188,573.989990234375,571.6950073242188,571.7100219726562,7999892,0.0028646563667581496,0.47515611981356265
2025-08-22 15:30:00,571.2202758789062,573.8900146484375,570.969970703125,573.2899780273438,5203676,-0.0036691304478598387,-0.6762074229861781
2025-08-22 16:30:00,573.2050170898438,573.2150268554688,570.5700073242188,571.2349853515625,4897978,0.003468541307087595,0.5532418391886228
2025-08-22 17:30:00,572.6599731445312,573.4099731445312,572.5,573.2050170898438,3162939,-0.0009513232205604806,-0.22345085550609092
2025-08-22 18:30:00,572.2000122070312,573.1699829101562,572.0042114257812,572.6900024414062,3771395,-0.0008035235192652781,-0.1865709922446678
2025-08-22 19:30:00,571.97998046875,572.3699951171875,571.1400146484375,572.2000122070312,5245421,-0.0003846103627088652,-0.33580216843446614
2025-08-25 13:30:00,571.47998046875,571.9400024414062,569.1699829101562,570.4000244140625,10988770,-0.0008745387664601058,-0.3861975916765701
2025-08-25 14:30:00,572.8599243164062,572.9650268554688,571.2650146484375,571.4500122070312,4445412,0.002411773828341945,0.42615319972939897
2025-08-25 15:30:00,572.8662719726562,573.287109375,572.4099731445312,572.8900146484375,3316935,1.1080581504697575e-05,-0.19201249652430255
2025-08-25 16:30:00,572.505126953125,573.1849975585938,572.2000122070312,572.8200073242188,2595074,-0.0006306164652586866,-0.3644774881899318
2025-08-25 17:30:00,572.0599975585938,572.6699829101562,571.8499755859375,572.489990234375,2859533,-0.0007778140490919917,-0.3406041026741822
2025-08-25 18:30:00,571.760009765625,572.260009765625,571.635009765625,572.0499877929688,2923208,-0.0005245367241804334,-0.26620748101005515
2025-08-25 19:30:00,570.3499755859375,571.8599853515625,570.1799926757812,571.7650146484375,4947566,-0.0024691753231592508,-0.7087532354725121
2025-08-26 13:30:00,571.5900268554688,571.7050170898438,568.7999877929688,569.8300170898438,9887487,0.0021718334663976585,0.39552951212819265
2025-08-26 14:30:00,570.7402954101562,571.8099975585938,570.6799926757812,571.5886840820312,3515078,-0.0014877160931052395,-0.5832248800911126
2025-08-26 15:30:00,571.5723266601562,571.8800048828125,570.3699951171875,570.7020263671875,2880978,0.0014567490213512136,0.15376181565436095
2025-08-26 16:30:00,571.4342041015625,571.72998046875,570.7899780273438,571.5700073242188,2450731,-0.0002416828872780546,-0.2648258380697061
2025-08-26 17:30:00,571.4600219726562,571.5050048828125,570.0499877929688,571.4500122070312,3549891,4.5179808435772985e-05,-0.1680717262349238
2025-08-26 18:30:00,572.1500244140625,572.4199829101562,571.3800048828125,571.4600219726562,4886213,0.0012067094501576438,0.11422572754521146
2025-08-26 19:30:00,572.6599731445312,572.9199829101562,571.3400268554688,572.1300048828125,5125134,0.000890888034319014,0.4510017918426271
2025-08-27 13:30:00,572.9700927734375,573.1799926757812,570.3699951171875,571.6199951171875,10177016,0.0005413957711255591,0.3431289942191132
2025-08-27 14:30:00,572.8098754882812,573.4000244140625,572.6500244140625,572.989990234375,5314240,-0.000279665015340674,-0.2920592836912041
2025-08-27 15:30:00,572.25,573.77001953125,571.739990234375,572.7899780273438,3999883,-0.000977897391888138,-0.734172006976697
2025-08-27 16:30:00,573.080078125,573.3150024414062,571.6500244140625,572.22998046875,3005409,0.0014495005172575548,1.133581812571459
2025-08-27 17:30:00,574.2150268554688,574.405029296875,573.0900268554688,573.0900268554688,2867709,0.001978478066819587,1.384936592237751
2025-08-27 18:30:00,572.989990234375,574.25,571.9400024414062,574.2000122070312,4609739,-0.002135689904555699,-1.5921967530779553
2025-08-27 19:30:00,573.5399780273438,574.14501953125,572.97998046875,572.989990234375,3739086,0.000959395480937065,0.5606181485593229
2025-08-28 13:30:00,573.8118286132812,576.530029296875,572.4600219726562,574.0700073242188,14880749,0.00047387486462528613,0.3028450564707622
2025-08-28 14:30:00,574.8599243164062,576.760009765625,573.802001953125,573.8187866210938,7219003,0.0018248833773718595,1.2251202003222095
2025-08-28 15:30:00,576.8209838867188,577.0900268554688,574.8200073242188,574.8599853515625,4646949,0.0034055639052207503,2.0026225381464675
2025-08-28 16:30:00,576.969970703125,576.97998046875,576.0499877929688,576.8099975585938,4576613,0.00025825617134819914,-0.11353839969181274
2025-08-28 17:30:00,577.3350219726562,577.3699951171875,576.840087890625,576.969970703125,3440743,0.0006325040331935772,0.10005907706900688
2025-08-28 18:30:00,577.3784790039062,577.8499755859375,577.219970703125,577.3400268554688,3685446,7.526894114203724e-05,-0.4118790775389658
2025-08-28 19:30:00,577.0700073242188,577.989990234375,577.0399780273438,577.3699951171875,5399602,-0.0005344052864757524,-0.7940673067215103
2025-08-29 13:30:00,570.947998046875,575.030029296875,569.25,574.6400146484375,16883264,-0.010665455212591646,-3.8420787413569535
2025-08-29 14:30:00,570.5401000976562,571.3699951171875,568.9600219726562,570.9400024414062,7978145,-0.0007146775638632277,-0.22587514197378888
2025-08-29 15:30:00,569.8599853515625,570.64501953125,569.1749877929688,570.5399780273438,5188745,-0.0011927653029919162,-0.3801455840271754
2025-08-29 16:30:00,569.219970703125,570.739990234375,568.5399780273438,569.8499755859375,4648724,-0.001123739755731751,-0.33321746642463995
2025-08-29 17:30:00,569.5401000976562,570.3800048828125,568.9299926757812,569.22998046875,4749274,0.0005622420581348836,0.2855396076489225
2025-08-29 18:30:00,570.0999755859375,570.6300048828125,569.47998046875,569.5499877929688,4617085,0.000982547990842608,0.4353208648061176
2025-08-29 19:30:00,570.3099975585938,570.844970703125,569.1799926757812,570.094970703125,8062558,0.00036832714545899527,0.2170123199307066
2025-09-02 13:30:00,565.239990234375,565.7000122070312,559.5549926757812,561.3300170898438,21506650,-0.008929665921226565,-2.4419933010426336
2025-09-02 14:30:00,561.5700073242188,565.219970703125,561.239990234375,565.2000122070312,8674561,-0.006513956913847938,-1.5354836309038042
2025-09-02 15:30:00,560.5499877929688,561.5700073242188,559.5700073242188,561.5700073242188,7014899,-0.0018180227010238324,-0.19858134203631903
2025-09-02 16:30:00,562.8099975585938,563.0,560.5399780273438,560.5449829101562,5484743,0.00402366622312262,1.3554878902541636
2025-09-02 17:30:00,562.8900146484375,564.3400268554688,562.8200073242188,562.8300170898438,6228144,0.00014216414517342787,0.27823466317774864
2025-09-02 18:30:00,564.5900268554688,564.719970703125,562.739990234375,562.9000244140625,5464820,0.003015598383570177,1.0035866972238843
2025-09-02 19:30:00,565.6400146484375,565.9650268554688,564.5,564.5850219726562,6765457,0.001858007762092431,0.673234985306243
2025-09-03 13:30:00,569.510009765625,570.4099731445312,567.97998046875,569.25,14022403,0.006818499806323053,1.7560752683707124
2025-09-03 14:30:00,569.280029296875,571.6950073242188,569.1900024414062,569.510009765625,7524676,-0.00040390320250059317,0.06276368209275925
2025-09-03 15:30:00,569.5,570.2435302734375,568.75,569.260009765625,6580318,0.00038632694673561236,0.2562900414038855
2025-09-03 16:30:00,569.364990234375,570.1799926757812,568.489990234375,569.52001953125,4259085,-0.0002370952964840116,0.11335984798484842
2025-09-03 17:30:00,567.47998046875,569.530029296875,567.030029296875,569.3200073242188,6321137,-0.0033162155644811627,-0.601348136360262
2025-09-03 18:30:00,567.5900268554688,567.760009765625,566.72998046875,567.4600219726562,5805953,0.00019390237844965592,0.25032312762928427
2025-09-03 19:30:00,569.989990234375,570.0700073242188,567.5650024414062,567.5900268554688,7139950,0.0042194252773540015,1.22519679717189
2025-09-04 13:30:00,570.77001953125,572.3400268554688,569.0250244140625,570.739990234375,12195419,0.0013675609449254338,0.3824005003693315
2025-09-04 14:30:00,572.2999877929688,572.530029296875,570.72998046875,570.75,6935041,0.002676947458279056,0.6920349004827838
2025-09-04 15:30:00,571.6928100585938,572.52001953125,571.52001953125,572.3250122070312,3959670,-0.0010615063180975154,-0.35922789494711743
2025-09-04 16:30:00,573.030029296875,573.1199951171875,571.5999755859375,571.6799926757812,3921907,0.0023363207242199607,0.5658030199991929
2025-09-04 17:30:00,573.5599975585938,573.780029296875,572.8099975585938,573.02001953125,3842267,0.0009244250988526353,0.17328426947767245
2025-09-04 18:30:00,574.3300170898438,574.6607055664062,573.47998046875,573.5650024414062,5359630,0.0013416261783342734,0.2753966875835462
2025-09-04 19:30:00,575.260009765625,575.594970703125,574.1699829101562,574.3099975585938,6850583,0.0016179557180075893,0.2583255013879191
2025-09-05 13:30:00,575.1290283203125,581.1199951171875,574.52001953125,580.5900268554688,23651306,-0.0002277167837002631,-0.6184721603641552
2025-09-05 14:30:00,574.6199951171875,575.4099731445312,571.5399780273438,575.0999755859375,14079388,-0.000885468438776727,-0.9480524584031454
2025-09-05 15:30:00,574.3200073242188,575.5,573.719970703125,574.6099853515625,7461609,-0.0005221992430385203,-0.7059047367546487
2025-09-05 16:30:00,574.6500244140625,575.3200073242188,573.75,574.3699951171875,5604855,0.0005744572787855679,-0.21201897250557813
2025-09-05 17:30:00,574.869873046875,575.1799926757812,573.489990234375,574.6599731445312,4654869,0.00038250514145715605,-0.24519713070938431
2025-09-05 18:30:00,575.844970703125,576.0700073242188,574.594970703125,574.8599853515625,4766751,0.0016947689428691347,0.37843754147081404
2025-09-05 19:30:00,576.030029296875,576.1199951171875,574.9202270507812,575.844970703125,5732942,0.00032131714872229793,-0.15564350895446472
2025-09-08 13:30:00,580.25,580.5599975585938,578.3400268554688,578.5,14553913,0.007299251621631528,2.922406514583802
2025-09-08 14:30:00,580.5650024414062,580.8400268554688,579.7899780273438,580.239990234375,6001256,0.0005427263577328614,-0.19334876341417712
2025-09-08 15:30:00,579.489990234375,580.739990234375,579.25,580.5599975585938,4723997,-0.0018533819888591188,-1.2181002694759706
2025-09-08 16:30:00,578.8524169921875,579.6500244140625,578.3800048828125,579.489990234375,4659397,-0.0011008373734682263,-1.0085014662620841
2025-09-08 17:30:00,579.0449829101562,579.2100219726562,577.8400268554688,578.875,4182475,0.00033261309639403516,-0.32152257554524194
2025-09-08 18:30:00,578.010009765625,579.139892578125,577.77001953125,579.0499877929688,3701595,-0.0017889787903149117,-1.2338997598695323
2025-09-08 19:30:00,578.8200073242188,579.02001953125,578.02001953125,578.02001953125,6232931,0.0014003746081931703,0.34717024804563207
2025-09-09 13:30:00,579.10498046875,580.2000122070312,578.3499755859375,579.6500244140625,10733806,0.0004922134910100457,-0.050352435563200314
2025-09-09 14:30:00,578.4400024414062,579.0999755859375,577.0399780273438,579.0700073242188,7674939,-0.0011489455879697306,-0.8826565171482565
2025-09-09 15:30:00,579.25,579.6300048828125,577.6849975585938,578.4199829101562,4816213,0.0013993343452209097,0.4445847168650122
2025-09-09 16:30:00,579.8200073242188,580.155029296875,578.9700927734375,579.260009765625,3456904,0.0009835598653548322,0.22792175784745572
2025-09-09 17:30:00,579.6199951171875,579.97998046875,579.3800048828125,579.8300170898438,4599986,-0.0003450151945665358,-0.41540721536574243
2025-09-09 18:30:00,580.1799926757812,580.2899780273438,579.3800048828125,579.6300048828125,4033353,0.0009656796137368414,0.2813321753726725
2025-09-09 19:30:00,580.469970703125,580.9299926757812,579.6900024414062,580.1900024414062,4798483,0.0004996821479804241,0.019604292248492562
2025-09-10 13:30:00,582.8499755859375,583.6900024414062,581.3300170898438,583.6900024414062,15252783,0.004091751733464025,1.65130381458429
2025-09-10 14:30:00,582.3300170898438,583.4500122070312,581.8499145507812,582.7999877929688,6852478,-0.0008924947799934983,-0.7691801235879684
2025-09-10 15:30:00,581.72998046875,582.9699096679688,581.4199829101562,582.3499755859375,4583484,-0.0010309377102505279,-0.783794239664289
2025-09-10 16:30:00,580.9500732421875,582.280029296875,580.72998046875,581.7349853515625,3898926,-0.0013415682862137801,-0.8721615252427313
2025-09-10 17:30:00,580.3099975585938,581.5399780273438,580.0,580.9400024414062,4525887,-0.0011023813950187828,-0.6916094732398117
2025-09-10 18:30:00,579.1199951171875,580.8200073242188,578.5499877929688,580.2949829101562,5860182,-0.0020527377535275253,-1.0449176021133872
2025-09-10 19:30:00,580.7000122070312,581.1400146484375,579.1099853515625,579.155029296875,5987729,0.002724591845788002,1.6686114336715274
2025-09-11 13:30:00,582.9500122070312,583.8499755859375,581.6199951171875,583.22998046875,13812607,0.0038671469201610673,2.00992779326702
2025-09-11 14:30:00,584.6799926757812,584.8800048828125,582.8699951171875,582.9400024414062,7268007,0.002963236174807516,1.3580544236868848
2025-09-11 15:30:00,584.3599853515625,584.860107421875,583.8699951171875,584.6799926757812,4137355,-0.0005474702973829039,-0.556858423370206
2025-09-11 16:30:00,584.155029296875,584.5599975585938,583.6699829101562,584.4000244140625,3384296,-0.00035079747238161133,-0.42881887478325764
2025-09-11 17:30:00,584.2899780273438,584.6599731445312,583.9000244140625,584.1300048828125,3462937,0.00023098858777759011,-0.17497568267324728
2025-09-11 18:30:00,584.5900268554688,584.7999877929688,584.219970703125,584.3099975585938,3561350,0.0005133954442920745,0.009927175609119586
2025-09-11 19:30:00,584.0999755859375,584.8599853515625,584.0050048828125,584.5700073242188,5165597,-0.0008386335079941938,-0.7118463469467918
2025-09-12 13:30:00,585.75,585.875,584.0999755859375,585.02001953125,10741486,0.002820918139386698,1.2069068926988964
2025-09-12 14:30:00,586.135009765625,586.8300170898438,585.5999755859375,585.760009765625,6718340,0.0006570777444355932,0.0366578917020144
2025-09-12 15:30:00,586.5800170898438,586.6199951171875,585.77001953125,586.1500244140625,4552225,0.0007589351809906554,0.09930908414498281
2025-09-12 16:30:00,586.4550170898438,586.969970703125,586.3800048828125,586.5800170898438,6566732,-0.00021312236519948315,-0.4433500331212769
2025-09-12 17:30:00,586.9849853515625,587.1099853515625,586.2349853515625,586.4550170898438,6933871,0.0009032729353859778,0.17768913647515194
2025-09-12 18:30:00,587.02001953125,587.8599853515625,586.8800048828125,586.989990234375,5773738,5.96831862762955e-05,-0.2776159027229402
2025-09-12 19:30:00,586.6599731445312,587.2288818359375,586.125,587.02001953125,6736882,-0.0006135341835249241,-0.5803432681387953
